<?xml version="1.0" encoding="UTF-8"?>
<!--

    Copyright (C) 2011 Ovea <dev@ovea.com>

    Licensed under the Apache License, Version 2.0 (the "License");
    you may not use this file except in compliance with the License.
    You may obtain a copy of the License at

    http://www.apache.org/licenses/LICENSE-2.0

    Unless required by applicable law or agreed to in writing, software
    distributed under the License is distributed on an "AS IS" BASIS,
    WITHOUT WARRANTIES OR CONDITIONS OF ANY KIND, either express or implied.
    See the License for the specific language governing permissions and
    limitations under the License.

-->

<!DOCTYPE log4j:configuration SYSTEM "log4j.dtd">

<log4j:configuration xmlns:log4j="http://jakarta.apache.org/log4j/" debug="false">

    <appender name="STDOUT" class="org.apache.log4j.ConsoleAppender">
        <param name="target" value="System.out"/>
        <layout class="org.apache.log4j.PatternLayout">
            <param name="conversionPattern" value="%d %p [%t] [%c{3}] %x - %m%n"/>
        </layout>
        <filter class="org.apache.log4j.varia.LevelRangeFilter">
            <param name="levelMin" value="TRACE"/>
            <param name="levelMax" value="INFO"/>
        </filter>
    </appender>

    <appender name="STDERR" class="org.apache.log4j.ConsoleAppender">
        <param name="target" value="System.err"/>
        <layout class="org.apache.log4j.PatternLayout">
            <param name="conversionPattern" value="%d %p [%t] [%c{3}] %x - %m%n"/>
        </layout>
        <filter class="org.apache.log4j.varia.LevelRangeFilter">
            <param name="levelMin" value="WARN"/>
            <param name="levelMax" value="FATAL"/>
        </filter>
    </appender>

    <!-- ========== -->
    <!-- CATEGORIES -->
    <!-- ========== -->

    <category name="com.ovea.resource.web.VirtualResource">
        <priority value="WARN"/>
    </category>

    <category name="org.eclipse.jetty.util.log">
        <priority value="INFO"/>
    </category>

    <category name="org.cometd">
        <priority value="TRACE"/>
    </category>

    <category name="com.sun.jersey.server.impl">
        <priority value="WARN"/>
    </category>

    <!-- ======================= -->
    <!-- Setup the Root category -->
    <!-- ======================= -->
    <root>
        <priority value="INFO"/>
        <appender-ref ref="STDOUT"/>
        <appender-ref ref="STDERR"/>
    </root>

</log4j:configuration>
