<?xml version="1.0" encoding="UTF-8"?>
<!--

    Copyright (C) 2011 Ovea <dev@ovea.com>

    Licensed under the Apache License, Version 2.0 (the "License");
    you may not use this file except in compliance with the License.
    You may obtain a copy of the License at

    http://www.apache.org/licenses/LICENSE-2.0

    Unless required by applicable law or agreed to in writing, software
    distributed under the License is distributed on an "AS IS" BASIS,
    WITHOUT WARRANTIES OR CONDITIONS OF ANY KIND, either express or implied.
    See the License for the specific language governing permissions and
    limitations under the License.

-->

<resources xmlns="http://www.ovea.com/web/virtual-resources"
           xmlns:xsi="http://www.w3.org/2001/XMLSchema-instance"
           xsi:schemaLocation="http://www.ovea.com/web/virtual-resources
           https://github.com/Ovea/virtual-resources/raw/master/src/main/resources/com/ovea/resource/web/virtual-resources.xsd">

    <map virtual-path="theme/humanity/images" to="web:js/jquery.ui-1.8.14/humanity/images" caching="2592000"/>

    <resource virtual-path="theme/humanity/common.css" gzip="true" caching="2592000">
        <web minimize="true">js/jquery.ui-1.8.14/humanity/jquery-ui-1.8.14.css</web>
        <web minimize="true">css/app.css</web>
    </resource>
    
    <resource virtual-path="common.js" gzip="true" caching="2592000">
        <web>js/jquery-1.6/jquery-1.6.min.js</web>
        <web>js/jquery.ui-1.8.14/jquery-ui-1.8.14.min.js</web>
        <web minimize="true">js/jquery.idle.js</web>
        <web minimize="true">js/json2.js</web>
        <web minimize="true">js/jquery.json-2.2.js</web>
        <classpath minimize="true">com/ovea/js/logging/logging.js</classpath>
        <!-- CometD -->
        <web minimize="true">js/cometd-2.3.1/cometd.js</web>
        <web minimize="true">js/cometd-2.3.1/AckExtension.js</web>
        <web minimize="true">js/cometd-2.3.1/ReloadExtension.js</web>
        <web minimize="true">js/cometd-2.3.1/jquery.cometd.js</web>
        <web minimize="true">js/cometd-2.3.1/jquery.cometd-ack.js</web>
        <web minimize="true">js/cometd-2.3.1/jquery.cometd-reload.js</web>
        <!-- EDA -->
        <classpath minimize="true">com/ovea/js/sync/sync.js</classpath>
        <classpath minimize="true">com/ovea/js/eventbus/eventbus.js</classpath>
        <classpath minimize="true">com/ovea/js/eventbus/eventbus.sync.js</classpath>
        <classpath minimize="true">com/ovea/js/eventbus/eventbus.cometd.js</classpath>
        <!-- common backend API -->
        <web minimize="true">js/app/init.js</web>
    </resource>

    <resource virtual-path="login.js" gzip="true" caching="2592000">
        <web minimize="true">js/app/login.js</web>
    </resource>

    <resource virtual-path="app.js" gzip="true" caching="2592000">
        <web minimize="true">js/app/app.js</web>
        <web minimize="true">js/app/app.console.js</web>
        <web minimize="true">js/app/app.idle.js</web>
        <web minimize="true">js/app/app.session.js</web>
        <web minimize="true">js/app/app.users.js</web>
        <web minimize="true">js/app/app.misc.js</web>
        <web minimize="true">js/app/app.chatroom.js</web>
    </resource>

</resources>
